[{"Type":"tg.1","Properties":[null,1,false,4,5,6,7,8,9,10,11,12,false,13,14,15,16,17,18,19,false,20,21,22,23,24,25,26,27]},{"Type":"channel.product","Properties":[2,3]},{"Type":"channel.const","Properties":[1.0]},{"Type":"channel.key","Properties":["-999999,1,cnsti","15480,0,cnsti","149806,1,cnsti"]},{"Type":"channel.const","Properties":[0.0]},{"Type":"channel.const","Properties":[0.0]},{"Type":"channel.const","Properties":[0.0]},{"Type":"channel.const","Properties":[0.0]},{"Type":"channel.const","Properties":[0.0]},{"Type":"channel.const","Properties":[0.0]},{"Type":"channel.const","Properties":[1.0]},{"Type":"channel.const","Properties":[1.0]},{"Type":"channel.const","Properties":[1.0]},{"Type":"channel.const","Properties":[255.0]},{"Type":"channel.const","Properties":[255.0]},{"Type":"channel.const","Properties":[255.0]},{"Type":"channel.const","Properties":[255.0]},{"Type":"channel.const","Properties":[0.0]},{"Type":"channel.const","Properties":[0.0]},{"Type":"channel.const","Properties":[0.0]},{"Type":"channel.const","Properties":[0.0]},{"Type":"channel.const","Properties":[0.0]},{"Type":"channel.const","Properties":[0.0]},{"Type":"channel.const","Properties":[0.0]},{"Type":"channel.const","Properties":[0.0]},{"Type":"channel.const","Properties":[1.0]},{"Type":"channel.const","Properties":[1.0]},{"Type":"channel.const","Properties":[1.0]},{"Type":"tg.2","Properties":[null,29,false,32,33,34,35,36,37,38,39,40,false,41,42,43,44,45,46,47,false,48,49,50,51,52,53,54,55]},{"Type":"channel.product","Properties":[30,31]},{"Type":"channel.const","Properties":[1.0]},{"Type":"channel.key","Properties":["-999999,1,cnsti","15480,0,cnsti","150000,1,cnsti"]},{"Type":"channel.const","Properties":[0.0]},{"Type":"channel.const","Properties":[0.0]},{"Type":"channel.const","Properties":[0.0]},{"Type":"channel.const","Properties":[0.0]},{"Type":"channel.const","Properties":[0.0]},{"Type":"channel.const","Properties":[0.0]},{"Type":"channel.const","Properties":[1.0]},{"Type":"channel.const","Properties":[1.0]},{"Type":"channel.const","Properties":[1.0]},{"Type":"channel.const","Properties":[255.0]},{"Type":"channel.const","Properties":[255.0]},{"Type":"channel.const","Properties":[255.0]},{"Type":"channel.const","Properties":[255.0]},{"Type":"channel.const","Properties":[0.0]},{"Type":"channel.const","Properties":[0.0]},{"Type":"channel.const","Properties":[0.0]},{"Type":"channel.const","Properties":[0.0]},{"Type":"channel.const","Properties":[0.0]},{"Type":"channel.const","Properties":[0.0]},{"Type":"channel.const","Properties":[0.0]},{"Type":"channel.const","Properties":[0.0]},{"Type":"channel.const","Properties":[1.0]},{"Type":"channel.const","Properties":[1.0]},{"Type":"channel.const","Properties":[1.0]}]