[{"Type":"tg.4","Properties":[null,1,false,4,5,6,7,8,9,10,11,12,false,13,14,15,16,17,18,19,false,20,21,22,23,24,25,26,27]},{"Type":"channel.product","Properties":[2,3]},{"Type":"channel.const","Properties":[1.0]},{"Type":"channel.key","Properties":["-999999,1,cnsti","113697,0,cnsti","121697,0,cnsti","121738,1,cnsti","121780,0,cnsti","121822,1,cnsti","121863,0,cnsti","121905,1,cnsti","121947,0,cnsti","121988,1,cnsti","122030,0,cnsti"]},{"Type":"channel.const","Properties":[0.0]},{"Type":"channel.const","Properties":[0.0]},{"Type":"channel.const","Properties":[0.0]},{"Type":"channel.const","Properties":[0.0]},{"Type":"channel.const","Properties":[0.0]},{"Type":"channel.const","Properties":[0.0]},{"Type":"channel.const","Properties":[1.0]},{"Type":"channel.const","Properties":[1.0]},{"Type":"channel.const","Properties":[1.0]},{"Type":"channel.const","Properties":[255.0]},{"Type":"channel.const","Properties":[255.0]},{"Type":"channel.const","Properties":[255.0]},{"Type":"channel.const","Properties":[255.0]},{"Type":"channel.const","Properties":[0.0]},{"Type":"channel.const","Properties":[0.0]},{"Type":"channel.const","Properties":[0.0]},{"Type":"channel.const","Properties":[0.0]},{"Type":"channel.const","Properties":[0.0]},{"Type":"channel.const","Properties":[0.0]},{"Type":"channel.const","Properties":[0.0]},{"Type":"channel.const","Properties":[0.0]},{"Type":"channel.const","Properties":[1.0]},{"Type":"channel.const","Properties":[1.0]},{"Type":"channel.const","Properties":[1.0]},{"Type":"tg.3","Properties":[null,29,false,32,33,34,35,36,37,38,39,40,false,41,42,43,44,45,46,47,false,48,49,50,51,52,53,54,55]},{"Type":"channel.product","Properties":[30,31]},{"Type":"channel.const","Properties":[1.0]},{"Type":"channel.key","Properties":["-999999,1,cnsti","113697,1,cnsti","121697,1,cnsti","121738,0,cnsti","121780,1,cnsti","121822,0,cnsti","121863,1,cnsti","121905,0,cnsti","121947,1,cnsti","121988,0,cnsti","122030,1,cnsti"]},{"Type":"channel.const","Properties":[0.0]},{"Type":"channel.const","Properties":[0.0]},{"Type":"channel.const","Properties":[0.0]},{"Type":"channel.const","Properties":[0.0]},{"Type":"channel.const","Properties":[0.0]},{"Type":"channel.const","Properties":[0.0]},{"Type":"channel.const","Properties":[1.0]},{"Type":"channel.const","Properties":[1.0]},{"Type":"channel.const","Properties":[1.0]},{"Type":"channel.const","Properties":[255.0]},{"Type":"channel.const","Properties":[255.0]},{"Type":"channel.const","Properties":[255.0]},{"Type":"channel.const","Properties":[255.0]},{"Type":"channel.const","Properties":[0.0]},{"Type":"channel.const","Properties":[0.0]},{"Type":"channel.const","Properties":[0.0]},{"Type":"channel.const","Properties":[0.0]},{"Type":"channel.const","Properties":[0.0]},{"Type":"channel.const","Properties":[0.0]},{"Type":"channel.const","Properties":[0.0]},{"Type":"channel.const","Properties":[0.0]},{"Type":"channel.const","Properties":[1.0]},{"Type":"channel.const","Properties":[1.0]},{"Type":"channel.const","Properties":[1.0]}]